City,Lat,Lng,Max Temp,Humidity,Cloudiness,Wind Speed,Country,Date
hobart,-42.8794,147.3294,70.11,87,20,2.3,AU,1643661948
mayo,38.8876,-76.5119,38.89,56,100,5.99,US,1643662099
rikitea,-23.1203,-134.9692,77.49,65,99,4.54,PF,1643662100
mataura,-46.1927,168.8643,66.47,67,38,1.81,NZ,1643661947
roald,62.5833,6.1333,33.01,86,20,13.8,NO,1643662100
port hedland,-20.3167,118.5667,82.45,89,100,14.97,AU,1643662100
hirara,24.8,125.2833,65.07,63,100,14.32,JP,1643662101
georgetown,5.4112,100.3354,80.89,84,20,1.99,MY,1643662101
castro,-24.7911,-50.0119,74.95,72,13,2.82,BR,1643662101
auki,-8.7676,160.7034,79.18,86,98,2.98,SB,1643662101
tuktoyaktuk,69.4541,-133.0374,-13.0,70,75,6.91,CA,1643662102
avarua,-21.2078,-159.775,82.45,78,75,11.5,CK,1643662102
abha,18.2164,42.5053,57.02,51,0,8.05,SA,1643662102
esperance,-33.8667,121.9,60.64,57,91,15.32,AU,1643662088
albany,42.6001,-73.9662,29.25,41,9,1.01,US,1643661975
ushuaia,-54.8,-68.3,53.22,66,40,23.02,AR,1643661940
torbay,47.6666,-52.7314,34.57,72,75,13.8,CA,1643661906
zhigansk,66.7697,123.3711,-31.09,99,87,7.9,RU,1643661533
hurghada,27.2574,33.8129,59.04,41,0,0.0,EG,1643662103
cockburn town,21.4612,-71.1419,73.36,73,75,16.11,TC,1643662103
bengkulu,-3.8004,102.2655,75.65,86,99,3.2,ID,1643662103
chokurdakh,70.6333,147.9167,-17.81,97,100,1.97,RU,1643662104
kavieng,-2.5744,150.7967,80.31,79,100,7.74,PG,1643662059
faanui,-16.4833,-151.75,81.25,71,3,18.07,PF,1643662104
guerrero negro,27.9769,-114.0611,68.58,41,2,10.74,MX,1643661501
sabang,5.8933,95.3214,81.72,74,98,10.13,ID,1643662104
wapakoneta,40.5678,-84.1936,34.61,57,0,0.0,US,1643662105
catuday,16.2923,119.8062,75.27,71,4,10.29,PH,1643662105
bathsheba,13.2167,-59.5167,84.81,65,40,13.8,BB,1643662105
busselton,-33.65,115.3333,58.05,63,30,15.37,AU,1643661768
palaikastron,35.2,26.25,52.75,61,20,6.6,GR,1643662106
cape town,-33.9258,18.4232,78.12,77,0,1.99,ZA,1643661465
arraial do cabo,-22.9661,-42.0278,80.56,83,75,8.05,BR,1643662021
kamenka,51.3223,42.7678,33.75,94,100,18.88,RU,1643662106
saskylakh,71.9167,114.0833,-28.52,100,91,2.06,RU,1643661831
yellowknife,62.456,-114.3525,-7.58,83,20,9.22,CA,1643661906
seddon,-37.8068,144.8916,75.31,81,100,7.0,AU,1643662107
arroyo,41.6096,-4.7969,42.15,78,0,6.91,ES,1643662107
lasa,46.6166,10.7002,40.91,94,97,7.81,IT,1643661531
longyearbyen,78.2186,15.6401,10.24,72,75,12.66,SJ,1643662108
puerto ayora,-0.7393,-90.3518,78.76,92,62,4.0,EC,1643662056
berlevag,70.8578,29.0864,17.6,67,0,11.5,NO,1643662108
saint-philippe,-21.3585,55.7679,80.19,80,96,15.19,RE,1643661605
hermanus,-34.4187,19.2345,76.89,81,19,11.68,ZA,1643662041
atuona,-9.8,-139.0333,78.48,76,19,21.59,PF,1643661879
belle fourche,44.6714,-103.8522,51.12,25,90,20.69,US,1643662108
mount gambier,-37.8333,140.7667,60.71,77,75,10.36,AU,1643661918
bluff,-46.6,168.3333,66.79,83,25,4.27,NZ,1643662109
kapaa,22.0752,-159.319,77.47,70,0,1.01,US,1643661383
eureka,40.8021,-124.1637,54.75,74,69,10.0,US,1643662109
ponta do sol,32.6667,-17.1,66.0,55,37,13.06,PT,1643661513
iqaluit,63.7506,-68.5145,-27.67,66,20,2.3,CA,1643661604
punta arenas,-53.15,-70.9167,50.11,71,75,39.12,CL,1643661942
havoysund,70.9963,24.6622,26.83,71,100,8.12,NO,1643662110
stanislav,46.5691,32.1478,34.09,74,21,4.36,UA,1643662110
san patricio,28.017,-97.5169,73.49,88,100,9.4,US,1643662110
cherskiy,68.75,161.3,-16.85,96,100,3.49,RU,1643662110
clyde river,70.4692,-68.5914,-30.77,68,0,3.44,CA,1643661603
bredasdorp,-34.5322,20.0403,74.28,88,69,8.05,ZA,1643662093
kodiak,57.79,-152.4072,24.31,80,100,3.44,US,1643661317
port lincoln,-34.7333,135.8667,63.97,73,43,18.01,AU,1643662111
hambantota,6.1241,81.1185,75.76,81,4,15.97,LK,1643662111
saint george,37.1041,-113.5841,65.32,21,0,1.99,US,1643662112
port alfred,-33.5906,26.891,75.6,94,100,7.78,ZA,1643661943
bonavista,48.6499,-53.1147,34.12,70,85,16.35,CA,1643662057
tautira,-17.7333,-149.15,84.22,78,35,19.22,PF,1643662112
portsmouth,50.799,-1.0913,43.93,89,14,5.01,GB,1643662113
anadyr,64.75,177.4833,9.1,72,0,13.42,RU,1643662113
saldanha,-33.0117,17.9442,80.65,71,14,3.4,ZA,1643661716
dandong,40.1292,124.3947,21.42,87,89,8.03,CN,1643662114
provideniya,64.3833,-173.3,3.83,78,95,20.74,RU,1643662114
hilo,19.7297,-155.09,80.26,58,20,4.61,US,1643662087
codrington,-38.2667,141.9667,62.8,72,50,14.61,AU,1643662103
muros,42.7762,-9.0603,52.09,73,10,15.55,ES,1643662114
rawson,-43.3002,-65.1023,76.21,24,80,8.37,AR,1643662115
ostrovnoy,68.0531,39.5131,8.69,93,98,5.97,RU,1643662115
jamestown,42.097,-79.2353,35.24,37,0,4.61,US,1643661517
waddan,29.1614,16.139,53.2,33,0,6.38,LY,1643662115
hithadhoo,-0.6,73.0833,82.4,72,32,9.35,MV,1643662116
novaya lyada,52.7131,41.6387,30.94,97,100,11.97,RU,1643662116
nikolskoye,59.7035,30.7861,26.4,97,100,5.06,RU,1643662116
mahebourg,-20.4081,57.7,80.89,74,75,18.41,MU,1643662117
quatre cocos,-20.2078,57.7625,80.71,80,29,24.56,MU,1643662117
broken hill,-31.95,141.4333,74.91,69,100,5.75,AU,1643662117
cidreira,-30.1811,-50.2056,77.32,73,46,7.65,BR,1643662017
dubrovka,53.6907,33.5071,30.18,97,100,3.96,RU,1643662118
bubaque,11.2833,-15.8333,78.8,78,86,17.49,GW,1643662118
thyboron,56.6985,8.2124,36.21,64,100,24.63,DK,1643662118
pangnirtung,66.1451,-65.7125,-27.4,75,20,0.0,CA,1643662119
kenora,49.8167,-94.4337,20.59,79,100,11.5,CA,1643662119
vila velha,-20.3297,-40.2925,82.35,90,40,6.91,BR,1643662119
pachino,36.7186,15.0907,55.44,80,3,32.53,IT,1643662120
grindavik,63.8424,-22.4338,41.47,81,75,28.77,IS,1643662120
havre-saint-pierre,50.2334,-63.5986,14.0,67,100,9.22,CA,1643661847
quimper,48.0,-4.1,48.76,81,100,5.75,FR,1643662120
isangel,-19.55,169.2667,77.4,92,100,11.34,VU,1643661985
talnakh,69.4865,88.3972,6.21,95,100,8.81,RU,1643662121
lavrentiya,65.5833,-171.0,-1.77,84,52,11.25,RU,1643662078
ixtapa,20.7,-105.2,78.03,53,0,8.05,MX,1643662121
vaini,-21.2,-175.2,79.81,75,100,14.41,TO,1643662121
norman wells,65.282,-126.8329,5.04,72,75,14.97,CA,1643662122
tiksi,71.6872,128.8694,-11.43,99,100,6.82,RU,1643662122
dikson,73.5069,80.5464,-4.56,92,100,18.63,RU,1643662122
oksfjord,70.2396,22.3479,25.72,76,100,7.16,NO,1643662122
yerbogachen,61.2767,108.0108,-8.59,99,98,2.62,RU,1643662123
new norfolk,-42.7826,147.0587,69.75,76,16,3.04,AU,1643662123
parola,20.8833,75.1167,66.43,27,2,6.85,IN,1643662123
zyryanka,65.75,150.85,-14.58,95,100,10.74,RU,1643662124
panaba,21.2833,-88.2667,81.05,39,49,9.04,MX,1643662124
gogrial,8.5332,28.1004,77.13,18,99,9.78,SS,1643662124
vanimo,-2.6741,141.3028,75.04,83,100,6.11,PG,1643662124
qaanaaq,77.484,-69.3632,-21.33,44,0,7.9,GL,1643662125
elat,29.5581,34.9482,57.04,44,75,4.61,IL,1643662125
yulara,-25.2406,130.9889,71.44,100,75,14.97,AU,1643661530
sorland,67.667,12.6934,32.07,56,100,8.72,NO,1643662125
nambucca heads,-30.65,153.0,74.17,91,13,3.71,AU,1643662126
port hardy,50.6996,-127.4199,42.98,81,75,6.91,CA,1643662126
cayenne,4.9333,-52.3333,82.44,82,75,5.01,GF,1643662126
great yarmouth,52.6083,1.7305,41.95,79,26,13.82,GB,1643662126
qasigiannguit,68.8193,-51.1922,8.85,79,100,9.4,GL,1643662119
emerald,-23.5333,148.1667,78.94,73,83,6.91,AU,1643662127
thompson,55.7435,-97.8558,1.56,78,100,6.91,CA,1643661534
la paz,-16.5,-68.15,58.98,62,75,9.22,BO,1643662034
severo-kurilsk,50.6789,156.125,28.56,73,100,18.5,RU,1643661948
ternate,0.8,127.4,79.16,80,100,4.68,ID,1643662127
saint anthony,45.0205,-93.218,29.3,72,0,5.99,US,1643662128
tottori,35.5,134.2333,34.66,75,14,8.81,JP,1643662128
hamilton,39.1834,-84.5333,42.24,54,0,1.99,US,1643661545
maldonado,-34.6667,-54.9167,70.99,52,6,13.65,UY,1643661867
mandalgovi,45.7625,106.2708,2.71,57,0,6.11,MN,1643662128
troitsko-pechorsk,62.7084,56.1964,-10.17,100,81,1.88,RU,1643662129
khilok,51.3674,110.4676,-10.08,99,100,2.1,RU,1643662129
pevek,69.7008,170.3133,-16.67,96,100,0.11,RU,1643662129
carnarvon,-24.8667,113.6333,77.07,78,0,18.41,AU,1643662130
brawley,32.9787,-115.5303,73.18,20,0,3.44,US,1643661976
banda aceh,5.5577,95.3222,77.13,83,60,7.52,ID,1643662130
la ronge,55.1001,-105.2842,10.65,79,100,16.11,CA,1643662130
west wendover,40.7391,-114.0733,44.69,31,0,19.77,US,1643662130
kuminskiy,58.6667,66.5667,-1.55,99,94,3.22,RU,1643662131
mangai,-4.05,19.5333,72.0,88,100,2.77,CD,1643662131
ballina,-28.8667,153.5667,73.78,95,21,0.0,AU,1643662131
victoria,22.2855,114.1577,57.94,88,99,4.0,HK,1643661878
tasiilaq,65.6145,-37.6368,10.56,98,98,3.91,GL,1643662132
sao miguel do araguaia,-13.275,-50.1628,74.97,89,100,0.43,BR,1643662132
camacha,33.0833,-16.3333,62.53,88,40,21.85,PT,1643662132
aswan,24.0934,32.907,56.5,44,0,9.22,EG,1643662133
korla,41.7597,86.1469,23.22,54,71,3.09,CN,1643662133
lebu,-37.6167,-73.65,61.18,66,0,19.33,CL,1643661958
paracuru,-3.41,-39.0306,84.22,75,46,12.64,BR,1643662133
maxixe,-23.8597,35.3472,76.05,82,35,8.19,MZ,1643662133
mtinko,-4.55,34.85,59.85,95,99,4.34,TZ,1643662134
chake chake,-5.2459,39.7666,77.29,80,34,6.33,TZ,1643662134
vestmannaeyjar,63.4427,-20.2734,42.15,77,100,34.18,IS,1643662134
sarangani,5.4033,125.4636,81.5,77,100,20.65,PH,1643662135
salinas,36.6777,-121.6555,64.18,58,0,0.0,US,1643662135
vostok,46.4856,135.8833,-12.46,99,98,4.36,RU,1643662135
miles city,46.4083,-105.8406,47.37,46,40,23.02,US,1643662135
sao raimundo nonato,-9.0153,-42.6994,80.38,68,54,3.06,BR,1643661836
hovd,48.0056,91.6419,-13.38,80,17,2.01,MN,1643662103
airai,-8.9266,125.4092,59.77,88,90,4.14,TL,1643662136
dongli,23.5656,116.8194,49.98,100,100,2.24,CN,1643662136
bilma,18.6853,12.9164,58.3,18,0,5.17,NE,1643662136
uddevalla,58.3478,11.9424,32.07,82,100,2.77,SE,1643661970
hasaki,35.7333,140.8333,28.8,42,59,10.16,JP,1643662137
denpasar,-8.65,115.2167,80.26,83,75,4.61,ID,1643662129
inhambane,-23.865,35.3833,76.84,81,36,9.33,MZ,1643662137
bukama,-9.2,25.85,68.58,97,100,1.25,CD,1643662138
college,64.8569,-147.8028,-7.78,72,0,0.0,US,1643662138
bloomington,44.8408,-93.2983,29.68,72,100,1.01,US,1643661689
polunochnoye,60.8697,60.4153,-10.95,100,80,1.45,RU,1643662138
dolores,-36.3132,-57.6792,73.87,29,18,8.3,AR,1643662138
kavali,14.9167,79.9833,71.67,83,4,5.21,IN,1643662139
margate,51.3813,1.3862,40.95,70,54,1.01,GB,1643662139
turayf,31.6725,38.6637,43.05,75,40,8.05,SA,1643662139
wajima,37.4,136.9,35.83,61,96,5.88,JP,1643662140
namibe,-15.1961,12.1522,72.5,74,94,8.37,AO,1643662140
high level,58.5169,-117.136,-3.89,65,75,3.44,CA,1643661982
pouebo,-20.4,164.5667,79.3,73,100,3.44,NC,1643662140
umba,66.6871,34.3429,3.13,97,100,4.85,RU,1643662141
barrow,71.2906,-156.7887,-12.98,77,0,9.22,US,1643662115
mar del plata,-38.0023,-57.5575,68.02,49,0,11.99,AR,1643662141
humaita,-7.5061,-63.0208,80.58,90,73,0.29,BR,1643662141
yarada,17.65,83.2667,68.32,100,20,2.3,IN,1643662142
upernavik,72.7868,-56.1549,-19.95,100,87,2.84,GL,1643662142
tuatapere,-46.1333,167.6833,66.81,73,50,1.79,NZ,1643662142
moskovskiy,55.5991,37.355,30.27,95,100,4.0,RU,1643662143
ariquemes,-9.9133,-63.0408,73.04,99,99,2.71,BR,1643662143
joetsu,37.1483,138.2364,33.44,76,97,9.1,JP,1643662143
aykhal,66.0,111.5,-26.43,100,91,5.39,RU,1643662143
uvira,-3.4067,29.1458,70.36,94,100,2.62,CD,1643662144
gornopravdinsk,60.05,69.9,6.55,97,100,2.62,RU,1643662144
kurumkan,54.3,110.3,-17.63,94,73,3.69,RU,1643662144
chiredzi,-21.05,31.6667,71.76,67,29,5.01,ZW,1643662145
acapulco,16.8634,-99.8901,83.17,57,0,10.96,MX,1643662123
caldwell,43.6629,-116.6874,40.98,54,0,6.91,US,1643662145
pisco,-13.7,-76.2167,75.25,64,0,20.71,PE,1643662026
thinadhoo,0.5333,72.9333,82.8,72,29,11.9,MV,1643662145
bastia,42.6667,9.3333,54.73,41,0,15.99,FR,1643662146
koygorodok,60.445,50.9968,5.02,97,70,5.55,RU,1643662146
whitianga,-36.8333,175.7,75.02,78,94,13.76,NZ,1643662146
sioux lookout,50.1001,-91.917,23.07,74,100,11.5,CA,1643662147
manzhouli,49.6,117.4333,-14.89,97,8,6.42,CN,1643662147
wichita falls,33.9137,-98.4934,72.16,32,0,12.66,US,1643662126
itarema,-2.9248,-39.9167,80.8,78,21,15.41,BR,1643662140
san jeronimo,-11.9472,-75.2829,60.04,60,93,1.7,PE,1643662147
surt,31.2089,16.5887,56.23,45,0,14.32,LY,1643662148
east london,-33.0153,27.9116,77.07,81,100,2.64,ZA,1643661548
le moule,16.3332,-61.3473,80.64,100,2,4.0,GP,1643662148
anchorage,61.2181,-149.9003,18.32,86,0,5.01,US,1643662148
norden,53.6,7.2,40.98,78,100,24.4,DE,1643662149
constitucion,-35.3333,-72.4167,67.37,58,0,14.92,CL,1643662149
cabo san lucas,22.8909,-109.9124,79.9,60,0,1.99,MX,1643662102
mehamn,71.0357,27.8492,26.78,79,0,14.97,NO,1643662149
carauari,-4.8828,-66.8958,82.62,73,90,1.23,BR,1643662150
surgut,61.25,73.4167,-1.91,84,20,4.0,RU,1643662150
dandeli,15.2667,74.6167,66.54,60,5,2.71,IN,1643662150
batagay,67.6333,134.6333,-28.19,98,100,1.16,RU,1643662151
bagotville,-28.9833,153.4167,73.63,97,22,3.96,AU,1643662151
eyl,7.9803,49.8164,76.15,82,29,16.71,SO,1643662151
hearst,49.6835,-83.6665,17.85,89,100,8.52,CA,1643661962
kyaikkami,16.08,97.5675,70.09,76,70,5.32,MM,1643662152
ambilobe,-13.2,49.05,74.43,93,86,2.15,MG,1643662152
coxim,-18.5067,-54.76,73.51,95,100,3.87,BR,1643662152
dinguiraye,11.3,-10.7167,78.71,13,36,3.36,GN,1643662152
kaitangata,-46.2817,169.8464,65.53,71,32,2.62,NZ,1643662105
hofn,64.2539,-15.2082,29.97,84,100,2.28,IS,1643661945
griffith,41.5284,-87.4237,35.04,60,0,5.99,US,1643662153
nehe,48.4833,124.8333,-18.31,99,41,3.87,CN,1643662153
khatanga,71.9667,102.5,-28.03,100,63,2.66,RU,1643662154
malindi,-3.2175,40.1191,77.47,85,82,8.21,KE,1643662154
coquimbo,-29.9533,-71.3436,69.53,68,20,13.8,CL,1643662154
beroroha,-21.6667,45.1667,75.49,57,0,5.12,MG,1643662155
nelson bay,-32.7167,152.15,75.0,95,14,1.01,AU,1643662155
valle de allende,26.9333,-105.4,68.0,13,0,12.26,MX,1643662155
penhold,52.1334,-113.8687,12.94,56,20,21.85,CA,1643662156
high rock,26.6208,-78.2833,66.22,50,0,9.22,BS,1643662156
madison,34.7334,-86.5667,59.88,33,20,1.99,US,1643662046
nikki,9.9401,3.2108,74.35,11,84,5.1,BJ,1643662156
caluquembe,-13.7833,14.6833,58.89,82,98,5.75,AO,1643662156
shubarshi,48.5872,57.1869,18.32,94,100,7.2,KZ,1643662157
camapua,-19.5314,-54.0439,74.95,88,100,8.19,BR,1643662157
oltu,40.5498,42.0013,20.07,87,100,7.67,TR,1643662158
lakes entrance,-37.8811,147.981,76.15,76,0,6.2,AU,1643662105
carutapera,-1.195,-46.02,77.4,88,98,6.15,BR,1643662158
butaritari,3.0707,172.7902,81.34,78,96,14.83,KI,1643662138
san quintin,30.4833,-115.95,64.92,50,66,10.2,MX,1643662158
kualakapuas,-3.0091,114.3876,77.16,95,100,2.3,ID,1643662159
coahuayana,18.7333,-103.6833,85.46,46,0,7.27,MX,1643662159
krems,48.4092,15.6142,41.32,89,97,10.18,AT,1643662159
eixo,40.6276,-8.5692,54.12,85,0,4.09,PT,1643662159
vila franca do campo,37.7167,-25.4333,60.19,80,47,15.46,PT,1643662156
lompoc,34.6391,-120.4579,68.11,61,0,3.44,US,1643662139
aguimes,27.9054,-15.4461,63.66,57,100,5.75,ES,1643662155
diu,20.7141,70.9822,67.14,73,0,8.88,IN,1643662160
pakhni,41.3,24.9,38.55,73,100,2.86,GR,1643662160
ribeira grande,38.5167,-28.7,61.2,72,20,20.71,PT,1643662160
ngunguru,-35.6167,174.5,71.17,84,100,18.43,NZ,1643662161
sanming,26.2486,117.6186,46.54,97,100,2.35,CN,1643662161
yendi,9.4427,-0.0099,81.9,10,100,6.33,GH,1643662161
karpathos,35.507,27.2132,48.16,71,6,6.91,GR,1643662126
shimoda,34.6667,138.95,42.24,70,38,9.15,JP,1643662162
malanje,-9.5402,16.341,63.82,98,100,4.0,AO,1643662162
saint-augustin,51.226,-58.6502,8.51,94,100,5.91,CA,1643662120
promyshlennovskiy,55.4833,86.2,3.97,96,100,4.18,RU,1643662162
chuy,-33.6971,-53.4616,69.85,56,50,16.51,UY,1643662163
suruc,36.9761,38.425,41.2,79,98,11.16,TR,1643662163
waldkraiburg,48.2085,12.3989,36.5,57,100,17.81,DE,1643662163
bethel,41.3712,-73.414,31.08,42,95,2.08,US,1643661929
souillac,-20.5167,57.5167,80.98,74,75,18.41,MU,1643661884
verkh-usugli,52.7,115.1667,-18.49,98,18,2.95,RU,1643662164
oum hadjer,13.2954,19.6966,66.88,14,0,14.14,TD,1643662164
canoinhas,-26.1772,-50.39,75.09,60,64,4.21,BR,1643662165
ahipara,-35.1667,173.1667,68.9,92,100,14.54,NZ,1643662019
foumban,5.7291,10.9001,68.25,25,17,4.52,CM,1643662165
roebourne,-20.7833,117.1333,82.89,77,100,11.68,AU,1643662165
nuuk,64.1835,-51.7216,18.21,73,75,9.22,GL,1643662165
ilulissat,69.2167,-51.1,8.62,61,100,20.71,GL,1643662166
guarapari,-20.6667,-40.4975,82.29,82,78,6.26,BR,1643662118
seoul,37.5683,126.9778,30.61,93,100,4.61,KR,1643661957
phan thiet,10.9333,108.1,72.28,89,3,7.81,VN,1643662166
atyrau,47.1167,51.8833,30.22,100,75,8.95,KZ,1643662166
khovu-aksy,51.1333,93.6,-15.16,84,4,4.05,RU,1643662167
husavik,66.0449,-17.3389,19.31,93,100,5.88,IS,1643662167
san cristobal,7.7669,-72.225,78.98,46,84,3.74,VE,1643661937
rantepao,-2.9701,119.8978,64.04,93,74,2.91,ID,1643662141
umm kaddadah,13.6017,26.6876,57.9,22,4,15.86,SD,1643662022
vardo,70.3705,31.1107,15.55,85,0,21.85,NO,1643662167
rabak,13.1809,32.74,67.39,17,0,13.09,SD,1643662168
moranbah,-22.0016,148.0466,77.0,77,14,5.3,AU,1643662168
laguna,38.421,-121.4238,65.21,58,0,4.0,US,1643662126
manggar,-2.8833,108.2667,78.62,82,100,6.67,ID,1643662168
kholodnyy,62.7167,147.95,-5.76,99,100,4.32,RU,1643662169
nakamura,32.9833,132.9333,34.48,82,33,4.59,JP,1643662169
marawi,7.9986,124.2928,66.6,96,100,1.05,PH,1643662169
tukrah,32.5341,20.5791,57.29,72,93,17.38,LY,1643662106
rengo,-34.4167,-70.8667,88.12,18,0,13.11,CL,1643662170
mao,39.8885,4.2658,48.76,87,20,6.91,ES,1643662170
tinskoy,56.1525,96.9161,-10.64,100,63,2.15,RU,1643662170
narsaq,60.9167,-46.05,30.42,95,100,9.75,GL,1643661904
hami,42.8,93.45,21.29,37,0,3.11,CN,1643662171
skeldon,5.8833,-57.1333,78.89,78,100,8.86,GY,1643662171
qui nhon,13.7667,109.2333,74.16,89,56,9.17,VN,1643662171
murakami,38.2333,139.4833,33.42,75,100,11.07,JP,1643662172
novosysoyevka,44.235,133.3642,-11.27,100,56,1.83,RU,1643662172
skjervoy,70.0311,20.9714,31.32,54,100,9.08,NO,1643662172
praia,14.9215,-23.5087,70.34,83,0,8.05,CV,1643662172
clarence town,-32.5833,151.7833,75.85,92,12,2.13,AU,1643662173
jumla,29.2747,82.1838,31.46,76,23,3.38,NP,1643662173
akyab,20.15,92.9,60.44,60,21,8.99,MM,1643662173
namatanai,-3.6667,152.4333,79.39,81,100,2.73,PG,1643662174
marsa matruh,31.3525,27.2453,53.8,82,40,8.05,EG,1643662174
berdigestyakh,62.0989,126.6992,-21.5,99,99,4.05,RU,1643662174
mokolo,10.7398,13.8019,62.58,17,2,5.91,CM,1643662175
kalemie,-5.9475,29.1947,68.68,91,89,6.67,CD,1643662175
zholymbet,51.7433,71.7122,10.98,92,24,13.76,KZ,1643662175
kusadak,44.3997,20.8033,38.05,87,100,0.92,RS,1643662175
salalah,17.0151,54.0924,71.69,68,0,5.75,OM,1643662176
khoy,38.5504,44.9535,20.03,79,100,4.76,IR,1643662176
orocue,4.7912,-71.3354,96.49,21,94,10.51,CO,1643662176
bilibino,68.0546,166.4372,8.62,69,100,4.16,RU,1643662177
seara,41.1818,-7.8003,51.89,54,0,4.59,PT,1643662177
walvis bay,-22.9575,14.5053,69.1,79,100,7.25,NA,1643662177
pandan,14.0453,124.1694,77.45,85,84,15.68,PH,1643662177
saint-pierre,-21.3393,55.4781,78.48,78,75,14.97,RE,1643662178
aban,56.67,96.06,-14.17,100,86,3.22,RU,1643662178
shakawe,-18.3667,21.85,65.75,92,84,5.93,BW,1643662178
trairi,-3.2778,-39.2689,80.01,77,40,12.19,BR,1643662179
ancud,-41.8697,-73.8203,64.42,66,2,10.78,CL,1643661998
borogontsy,62.6683,131.1683,-27.31,99,100,2.82,RU,1643662179
manokwari,-0.8667,134.0833,75.87,80,100,11.14,ID,1643662158
kabare,-2.4683,28.8242,60.39,97,100,1.79,CD,1643662139
chipinge,-20.1883,32.6236,62.17,84,2,4.03,ZW,1643662179
grand gaube,-20.0064,57.6608,81.0,70,25,8.99,MU,1643662180
jalu,29.0331,21.5482,55.92,62,62,7.96,LY,1643662180
yar-sale,66.8333,70.8333,-15.83,100,93,5.44,RU,1643662180
egvekinot,66.3167,-179.1667,-0.54,74,84,11.39,RU,1643662181
bandar-e lengeh,26.5579,54.8807,69.58,62,0,2.8,IR,1643662181
vagur,61.4732,-6.8119,44.19,95,100,26.66,FO,1643662111
adre,13.4667,22.2,60.4,19,9,16.89,TD,1643662181
vila,42.0304,-8.1588,40.08,78,6,6.73,PT,1643662181
talara,-4.5772,-81.2719,88.56,48,0,13.8,PE,1643662182
belmopan,17.25,-88.7667,79.18,91,98,1.97,BZ,1643661995
sydney,-33.8679,151.2073,74.32,93,6,1.01,AU,1643661430
beihai,21.4833,109.1,51.17,88,100,16.55,CN,1643662182
nizhniy ingash,56.2,96.53,-11.85,100,68,1.68,RU,1643662182
mankapur,27.0333,82.2333,52.2,68,0,5.82,IN,1643662183
usinsk,65.9939,57.5281,2.16,97,100,8.61,RU,1643662183
newport,51.5877,-2.9984,47.25,85,95,10.54,GB,1643661905
dongkan,33.9997,119.8308,29.64,45,100,6.85,CN,1643662184
ryotsu,38.0833,138.4333,35.6,58,96,14.45,JP,1643662184
fort nelson,58.8053,-122.7002,-2.61,78,100,3.44,CA,1643661905
nantucket,41.2835,-70.0995,30.04,51,0,4.61,US,1643662184
kefamenanu,-9.4467,124.4781,70.77,94,62,7.74,ID,1643662185
veraval,20.9,70.3667,69.46,79,0,12.28,IN,1643662185
charters towers,-20.1,146.2667,75.06,82,41,8.79,AU,1643662185
sambava,-14.2667,50.1667,77.31,87,99,9.51,MG,1643662186
mount isa,-20.7333,139.5,76.77,100,75,4.61,AU,1643662186
te anau,-45.4167,167.7167,63.0,73,82,1.12,NZ,1643662186
nalut,30.3333,10.85,48.27,37,28,9.93,LY,1643662186
whitehorse,60.7161,-135.0538,-1.89,68,20,5.01,CA,1643662187
sarakhs,36.5449,61.1577,37.54,60,1,2.3,IR,1643662187
tricase,39.9304,18.3553,52.32,72,100,19.77,IT,1643662187
port blair,11.6667,92.75,73.27,75,63,5.84,IN,1643662188
mazara del vallo,37.6641,12.588,57.0,67,58,29.3,IT,1643662188
bulawayo,-20.15,28.5833,63.37,88,34,6.91,ZW,1643662188
camopi,3.1655,-52.3158,75.09,97,75,3.02,GF,1643662188
lac du bonnet,50.2536,-96.0612,24.51,91,100,7.99,CA,1643662189
port-cartier,50.0334,-66.8654,12.42,80,84,7.05,CA,1643662189
ponta delgada,37.7333,-25.6667,60.49,77,20,9.22,PT,1643662189
hay river,60.8156,-115.7999,-5.82,71,75,10.36,CA,1643661602
vuktyl,63.8567,57.3094,-5.85,100,51,2.82,RU,1643662190
sao joao da barra,-21.6403,-41.0511,84.29,90,96,6.55,BR,1643662190
barcelos,41.5388,-8.6151,53.85,77,1,6.85,PT,1643662146
dubbo,-32.25,148.6167,71.73,94,24,2.3,AU,1643662190
langsa,4.4683,97.9683,72.61,92,100,2.17,ID,1643662191
kruisfontein,-34.0033,24.7314,73.89,93,100,2.21,ZA,1643661950
omaruru,-21.4333,15.9333,68.38,71,100,7.96,NA,1643662191
deputatskiy,69.3,139.9,-25.62,100,61,4.05,RU,1643662095
moreira sales,-24.0622,-53.0069,83.43,60,2,2.3,BR,1643661952
leh,34.1667,77.5833,7.92,96,100,2.35,IN,1643662092
chiang klang,19.2938,100.8617,61.88,55,7,1.68,TH,1643662192
severo-yeniseyskiy,60.3725,93.0408,-6.34,98,99,3.87,RU,1643662192
mahenge,-8.6833,36.7167,63.97,97,100,1.5,TZ,1643662192
pijino,9.3291,-74.453,92.95,35,1,1.57,CO,1643662193
cooma,-36.2333,149.1333,62.37,100,40,5.75,AU,1643662193
alamogordo,32.8995,-105.9603,70.39,23,0,1.01,US,1643662051
kinablangan,7.6947,126.5503,76.33,86,95,6.91,PH,1643662193
dingle,10.9995,122.6711,74.79,92,100,7.81,PH,1643662194
tarko-sale,64.9225,77.785,5.83,96,100,8.43,RU,1643662165
fomboni,-12.28,43.7425,83.07,73,76,6.29,KM,1643662194
naze,28.3667,129.4833,52.23,67,36,7.61,JP,1643662194
kudahuvadhoo,2.6708,72.8944,82.71,75,32,11.18,MV,1643662142
davila,18.4726,120.5763,73.26,84,8,15.88,PH,1643662195
solnechnyy,50.7214,136.6319,-3.35,99,99,1.54,RU,1643662195
opuwo,-18.0607,13.84,68.58,54,100,10.67,NA,1643662195
mitsamiouli,-11.3847,43.2844,81.72,73,12,1.74,KM,1643662178
jinxiang,27.4327,120.6062,46.11,83,100,10.56,CN,1643662196
necochea,-38.5473,-58.7368,71.04,39,100,7.05,AR,1643662196
puerto leguizamo,-0.1934,-74.7819,90.95,33,100,2.91,CO,1643662196
yokadouma,3.5167,15.05,71.2,28,100,1.03,CM,1643662197
de-kastri,51.4667,140.7833,6.17,83,100,17.6,RU,1643662197
mecca,21.4267,39.8261,62.22,66,37,11.36,SA,1643661950
tela,15.7833,-87.45,81.09,83,40,6.91,HN,1643662197
samarkand,39.6542,66.9597,31.42,93,6,6.91,UZ,1643662198
aklavik,68.2191,-135.0107,3.2,78,75,10.36,CA,1643662198
bambous virieux,-20.3428,57.7575,80.85,74,75,18.41,MU,1643662198
lao cai,22.4833,103.95,53.04,90,100,1.03,VN,1643662199
nouakchott,18.0858,-15.9785,69.73,24,100,11.14,MR,1643662199
tura,25.5198,90.2201,53.73,63,7,3.94,IN,1643662199
capinopolis,-18.6819,-49.5697,72.43,92,96,5.37,BR,1643662200
lorengau,-2.0226,147.2712,77.58,91,100,11.88,PG,1643662200
ntungamo,-0.8833,29.65,66.9,68,100,2.8,UG,1643662200
sandwick,60.0,-1.25,39.02,87,75,6.91,GB,1643662201
krasnodon,48.2923,39.7373,32.92,85,100,15.26,UA,1643662201
iberia,29.9502,-91.7507,71.6,40,0,16.11,US,1643662201
fairbanks,64.8378,-147.7164,-7.76,71,0,0.0,US,1643662115
poum,-20.2333,164.0167,80.33,76,100,14.63,NC,1643661906
kavaratti,10.5669,72.642,80.49,72,2,10.58,IN,1643662202
fukue,32.6881,128.8419,48.92,56,87,16.2,JP,1643662064
araouane,18.9048,-3.5265,73.49,12,46,12.26,ML,1643662202
half moon bay,37.4636,-122.4286,63.28,77,0,3.0,US,1643661905
luanda,-8.8368,13.2343,78.8,78,0,9.22,AO,1643662014
honningsvag,70.9821,25.9704,26.35,80,0,17.27,NO,1643662203
warah,27.4481,67.7978,63.39,29,0,2.59,PK,1643662203
lasem,-6.6922,111.4527,76.05,91,99,4.81,ID,1643662203
waipawa,-41.4122,175.5153,68.63,66,95,4.43,NZ,1643662204
zhangye,38.9342,100.4517,18.57,33,100,3.89,CN,1643662204
geraldton,-28.7667,114.6,68.41,64,13,12.66,AU,1643662136
pringsewu,-5.3582,104.9744,73.08,95,100,1.7,ID,1643662204
lerwick,60.1545,-1.1494,39.2,97,100,11.79,GB,1643662205
alindao,5.0267,21.2088,77.31,23,70,0.81,CF,1643662205
takoradi,4.8845,-1.7554,78.96,80,69,7.02,GH,1643662205
frutal,-20.0247,-48.9406,73.81,89,92,4.25,BR,1643662206
mercedes,-34.6515,-59.4307,81.86,25,8,11.81,AR,1643662206
buala,-8.145,159.5921,81.91,78,94,3.51,SB,1643662206
poronaysk,49.2167,143.1167,8.6,82,100,8.66,RU,1643662206
timmins,48.4669,-81.3331,12.02,62,40,3.44,CA,1643661930
riyadh,24.6877,46.7219,66.34,39,45,14.88,SA,1643662207
ust-ilimsk,58.0006,102.6619,-1.53,99,100,2.01,RU,1643662207
the valley,18.217,-63.0578,84.06,65,20,10.36,AI,1643662207
fortuna,40.5982,-124.1573,54.48,75,75,3.0,US,1643662208
hirado,33.3597,129.5531,40.39,60,93,19.57,JP,1643662208
moree,-29.4667,149.85,71.62,83,75,5.75,AU,1643662208
san ramon,37.7799,-121.978,62.15,61,75,1.99,US,1643662208
port elizabeth,-33.918,25.5701,76.1,94,75,9.22,ZA,1643662065
cap malheureux,-19.9842,57.6142,81.09,70,29,10.0,MU,1643662106
tigil,57.8,158.6667,8.98,85,4,9.06,RU,1643662209
yantal,56.8471,105.2542,-6.54,100,100,2.37,RU,1643662209
dharmadam,11.7833,75.4333,73.67,81,4,5.32,IN,1643662210
taoudenni,22.6783,-3.9836,71.71,8,81,14.25,ML,1643662210
coihaique,-45.5752,-72.0662,60.75,55,75,6.91,CL,1643662086
nome,64.5011,-165.4064,12.27,48,0,11.5,US,1643662142
waitati,-45.75,170.5667,66.79,77,81,6.67,NZ,1643662210
washim,20.1,77.15,65.19,26,0,6.33,IN,1643662211
san benito,36.6166,-121.0844,52.86,34,99,2.48,US,1643662211
kiunga,-6.1219,141.2906,72.55,96,100,1.23,PG,1643662211
chepareria,1.3077,35.2039,65.1,68,100,4.03,KE,1643662212
trelew,-43.249,-65.3051,80.06,14,45,13.69,AR,1643662043
inta,66.0317,60.1659,2.97,96,100,6.33,RU,1643662212
hellvik,59.9156,5.781,34.77,77,100,1.99,NO,1643662212
ayan,56.45,138.1667,-0.65,69,100,15.93,RU,1643662213
kanigoro,-8.13,112.219,72.95,92,100,2.95,ID,1643662213
zhezkazgan,47.8043,67.7144,0.34,99,96,5.21,KZ,1643662213
pierre,44.3683,-100.351,54.28,30,0,13.8,US,1643662150
nanortalik,60.1432,-45.2371,26.71,88,100,15.66,GL,1643662111
lafia,8.4833,8.5167,78.94,13,56,6.93,NG,1643662214
port macquarie,-31.4333,152.9167,73.89,94,100,5.75,AU,1643662214
yining,29.0361,114.5636,38.95,98,100,2.44,CN,1643662214
lima,-12.0432,-77.0282,75.45,65,0,11.5,PE,1643662057
adrar,20.5022,-10.0711,76.87,13,100,10.89,MR,1643662215
luderitz,-26.6481,15.1594,66.15,85,8,1.68,NA,1643662215
lagoa,39.05,-27.9833,58.64,77,21,24.18,PT,1643662208
krasnyy chikoy,50.3643,108.7512,-5.8,100,100,2.06,RU,1643662215
aromashevo,56.8602,68.6375,6.76,97,90,3.51,RU,1643662216
najran,17.4924,44.1277,65.05,39,3,3.78,SA,1643662216
yashkul,46.1711,45.3435,34.77,79,91,7.76,RU,1643662216
puerto baquerizo moreno,-0.9,-89.6,81.59,65,75,14.97,EC,1643662217
asfi,32.2994,-9.2372,63.01,59,0,15.93,MA,1643662217
harper,4.375,-7.7169,79.66,82,44,5.68,LR,1643662217
talcahuano,-36.7167,-73.1167,64.24,63,0,17.16,CL,1643661956
carballo,43.213,-8.691,49.91,85,31,10.83,ES,1643662116
sao filipe,14.8961,-24.4956,73.42,75,100,4.16,CV,1643662137
capaci,38.1711,13.2393,56.8,70,40,11.01,IT,1643662218
omboue,-1.5746,9.2618,78.96,84,98,5.68,GA,1643662218
suntar,62.1444,117.6319,-16.08,100,97,2.46,RU,1643662219
iskateley,67.6803,53.1512,6.22,96,100,7.63,RU,1643662219
aksarka,66.5606,67.7975,-18.8,100,94,5.12,RU,1643661982
porto walter,-8.2686,-72.7439,87.53,49,90,6.04,BR,1643662219
lermontovka,47.1453,134.3383,-6.5,99,100,4.43,RU,1643662219
cabedelo,-6.9811,-34.8339,84.87,72,23,12.1,BR,1643662220
kirakira,-10.4544,161.9205,80.98,84,87,3.36,SB,1643662220
palpa,-14.5336,-75.1856,82.53,49,79,10.71,PE,1643662220
sisimiut,66.9395,-53.6735,9.9,88,100,11.21,GL,1643661851
moron,-34.6534,-58.6198,81.01,31,7,9.86,AR,1643662221
karratha,-20.7377,116.8463,81.91,83,97,13.4,AU,1643662136
lewistown,40.5992,-77.5714,33.78,100,98,5.26,US,1643662221
medvezhyegorsk,62.9167,34.4667,10.71,97,100,5.77,RU,1643662221
rancho santa margarita,33.6409,-117.6031,66.83,53,100,1.01,US,1643662222
sassandra,4.95,-6.0833,78.76,87,88,4.74,CI,1643662222
coihueco,-36.6167,-71.8333,84.94,20,0,9.22,CL,1643662222
kahului,20.8947,-156.47,79.97,62,0,0.0,US,1643662044
kandalaksha,67.162,32.4123,-0.26,99,92,4.21,RU,1643662223
tsogni,-2.7942,10.0988,76.8,87,94,4.38,GA,1643662223
burns lake,54.2331,-125.7533,15.22,87,99,2.04,CA,1643662223
kurmanayevka,52.5093,52.0675,27.64,88,100,16.42,RU,1643662223
podosinovets,60.2776,47.0659,8.46,96,69,7.4,RU,1643662224
benjamin hill,30.1667,-111.1,73.17,17,41,5.57,MX,1643662224
belyy yar,53.6039,91.3903,-22.11,81,58,0.0,RU,1643662212
salaya,22.3167,69.6,69.1,87,0,7.27,IN,1643662224
gwadar,25.1216,62.3254,71.49,68,0,4.74,PK,1643662225
zabid,14.1951,43.3152,75.25,62,5,2.21,YE,1643662225
thiruvananthapuram,8.4833,76.9167,80.58,78,20,0.0,IN,1643662225
sumbe,-11.2061,13.8437,76.5,81,99,5.14,AO,1643662225
hobyo,5.3505,48.5268,77.83,81,78,15.03,SO,1643662226
eyemouth,55.8713,-2.0901,43.84,86,100,17.67,GB,1643662226
garden city,42.3256,-83.331,32.36,60,0,1.99,US,1643661984
panjab,34.388,67.0233,-7.69,75,2,4.38,AF,1643662226
castanos,26.7833,-101.4167,76.35,18,0,12.91,MX,1643662227
mmathubudukwane,-24.6,26.4333,72.46,58,66,5.99,BW,1643662227
marevo,57.3146,32.0804,28.18,98,100,4.63,RU,1643662227
vysokogornyy,50.1167,139.15,-10.71,98,90,4.72,RU,1643662228
rangoon,16.8053,96.1561,66.16,94,84,4.61,MM,1643662228
pacific grove,36.6177,-121.9166,63.77,66,100,4.0,US,1643662041
constantine,36.365,6.6147,47.61,34,0,16.11,DZ,1643662228
birjand,32.8663,59.2211,36.07,25,0,6.91,IR,1643662126
madaoua,14.073,5.96,64.18,10,0,12.55,NE,1643662229
penzance,50.1186,-5.5371,49.21,84,100,18.3,GB,1643662080
lakatoro,-16.0999,167.4164,79.48,87,100,7.0,VU,1643662229
lufilufi,-13.8745,-171.5986,76.78,75,100,12.68,WS,1643662229
haapiti,-17.5667,-149.8667,83.93,73,6,18.48,PF,1643662230
longyan,25.1072,117.0225,46.22,98,100,3.42,CN,1643662230
daru,-9.0763,143.2092,77.61,87,100,11.03,PG,1643662230
sangar,63.9242,127.4739,-37.26,100,100,0.87,RU,1643662230
praia da vitoria,38.7333,-27.0667,59.76,88,40,20.47,PT,1643662001
touros,-5.1989,-35.4608,85.1,74,33,14.07,BR,1643662230
barranca,-10.75,-77.7667,72.9,75,100,9.46,PE,1643662231
ivolginsk,51.7492,107.2837,-24.14,76,20,2.24,RU,1643662231
mandurah,-32.55,115.7,64.22,62,50,17.58,AU,1643662231
bend,44.0582,-121.3153,39.49,51,40,1.99,US,1643662211
jizan,17.3333,42.6667,79.74,67,2,3.89,SA,1643662232
krasnyy klyuch,55.3863,56.6529,23.14,94,100,10.27,RU,1643662232
limbe,4.0242,9.2149,81.45,71,6,8.55,CM,1643662232
saint-francois,46.4154,3.9054,38.41,86,0,8.05,FR,1643662225
potosi,-19.5836,-65.7531,41.9,90,100,6.53,BO,1643662032
saurimo,-9.6608,20.3916,64.62,97,100,4.21,AO,1643662233
saint-georges,12.0564,-61.7485,83.88,74,40,17.27,GD,1643662233
klaksvik,62.2266,-6.589,40.12,98,100,27.63,FO,1643662114
dhidhdhoo,6.8833,73.1,81.63,72,1,10.45,MV,1643662233
maniitsoq,65.4167,-52.9,11.98,71,100,18.48,GL,1643662218
lingao,19.9103,109.6859,63.52,94,100,17.29,CN,1643662234
taltal,-25.4,-70.4833,68.97,67,5,6.64,CL,1643662234
alofi,-19.0595,-169.9187,80.49,78,40,5.75,NU,1643662143
yazman,29.1212,71.7446,64.36,30,0,6.93,PK,1643662234
el tigre,8.8875,-64.2454,91.38,29,100,9.24,VE,1643662235
shelbyville,35.4834,-86.4603,55.08,32,0,0.0,US,1643662103
izumo,35.3667,132.7667,33.75,75,68,8.01,JP,1643662235
lipin bor,60.2622,37.9763,21.65,94,100,9.48,RU,1643662235
chupa,66.27,33.0549,-2.6,100,100,2.89,RU,1643662236
tashtagol,52.7657,87.8894,14.29,96,100,0.65,RU,1643662236
olafsvik,64.8945,-23.7142,32.59,91,81,8.5,IS,1643662180
astana,51.1801,71.446,8.55,85,75,6.71,KZ,1643662236
umm lajj,25.0213,37.2685,61.57,53,5,12.15,SA,1643662237
oia,40.5426,-8.5386,46.36,85,0,3.85,PT,1643662237
havelock,34.8791,-76.9013,57.06,45,100,1.01,US,1643662237
kaeo,-35.1,173.7833,71.33,90,100,14.76,NZ,1643662041
aleksandrovka,46.8383,32.7612,30.65,79,15,6.8,UA,1643662238
payson,40.0444,-111.7321,49.75,35,0,13.8,US,1643662238
diapaga,12.0708,1.7889,75.54,12,17,9.15,BF,1643662238
baghdad,33.3406,44.4009,48.11,93,100,11.5,IQ,1643662238
tiznit,29.5833,-9.5,64.54,40,99,3.87,MA,1643662087
santana do mundau,-9.1681,-36.2222,84.18,63,4,12.03,BR,1643662239
